epss_score_max,weighted_risk_index,composite_vulnerability_score,epss_score_mean,attack_surface_score,recent_threat_score,cvss_score_mean,vuln_count,exploit_count_sum,is_exploitable_sum,is_exploitable_max,cvss_score_max,days_since_published_max,days_since_published_min,vulnerability_age,is_critical_sum,is_critical_max,epss_exploit_count_interaction,risk_exploit_product_max,risk_exploit_product_mean,kev_flag_max,kev_flag_sum,sev_count_low
0.10469339363075167,0.8250598706044505,0.8250598706044505,0.05613196063325629,3.042251460978171,0.4539452227751034,0.6027397260273972,3,22.120619093148754,1,1,0.9726027397260275,0.28535962808508347,0.28535962808508347,0.28535962808508347,1,1,0.32881313995313144,12.740688874850823,6.740459634402806,0,0,0
0.012256250687850802,0.2831577297475978,0.2831577297475978,0.006499678472384552,5.317019434203912,0.15189761857625284,0.485678704856787,11,-0.915253987196375,0,0,0.6986301369863013,1.957856525469836,-1.36109839544817,1.957856525469836,0,0,0.0,-0.08111644266323091,-0.08111644266323091,0,0,0
0.019650021510970592,0.3549166231427619,0.3549166231427619,0.019650021510970592,1.5021353967751143,0.3088789454326333,0.8356164383561644,1,-0.08320490792694318,0,0,0.8356164383561644,0.2893656086776218,0.2893656086776218,0.2893656086776218,0,0,0.0,-0.08111644266323091,-0.08111644266323091,0,0,0
