epss_score_max,weighted_risk_index,composite_vulnerability_score,epss_score_mean,attack_surface_score,recent_threat_score,cvss_score_mean,vuln_count,exploit_count_sum,is_exploitable_sum,is_exploitable_max,cvss_score_max,days_since_published_max,days_since_published_min,vulnerability_age,is_critical_sum,is_critical_max,epss_exploit_count_interaction,risk_exploit_product_max,risk_exploit_product_mean,kev_flag_max,kev_flag_sum,sev_count_low
0.007333740207505826,0.48023285362413515,0.48023285362413515,0.006063092177010274,3.0156649937786115,0.3945160104306443,0.6575342465753424,3.0,-0.24961472378082955,0.0,0.0,0.8767123287671232,0.2372878609746235,0.2372878609746235,0.2372878609746235,1.0,1.0,0.0,-0.08111644266323091,-0.08111644266323091,0.0,0.0,0.0
0.016978659116149233,0.3454902111235858,0.3454902111235858,0.004677385466587959,5.868678654991364,0.19078755057878483,0.4227005870841487,14.0,-1.1648687109772045,0.0,0.0,0.8356164383561644,1.6814438645846912,-1.299005696263826,1.6814438645846912,0.0,0.0,0.0,-0.08111644266323091,-0.08111644266323091,0.0,0.0,0.0
0.0920069235310008,0.7776703143716331,0.7776703143716331,0.023747825676809452,4.563377191467256,0.26453465959176514,0.5303326810176124,7.0,-0.5824343554886022,0.0,0.0,0.9726027397260275,1.8156442144347253,-1.521337619149703,1.8156442144347253,1.0,1.0,0.0,-0.08111644266323091,-0.08111644266323091,0.0,0.0,0.0
0.035408058109635904,5.853626741302873,5.853626741302873,0.01109327661869458,8.254030938823407,0.33192671343329394,0.9360730593607307,42.0,-3.494606132931614,0.0,0.0,0.9726027397260275,0.8461969110404496,0.8461969110404496,0.8461969110404496,36.0,1.0,0.0,-0.08111644266323091,-0.08111644266323091,0.0,0.0,0.0
0.1711472851154088,1.0295487243096497,1.0295487243096497,0.048009484837267,5.628834069388194,0.5219830887294665,0.658675799086758,12.0,-0.9984588951233182,2.0,1.0,0.9726027397260275,-0.790246161011458,-0.790246161011458,0.0,1.0,1.0,0.0,-0.08111644266323091,-0.08111644266323091,0.0,0.0,0.0
